﻿<?xml version="1.0"?>
<doc>
<assembly>
<name>
SDataAccess
</name>
</assembly>
<members>
<member name="T:SDataAccess.My.Resources.Resources">
<summary>
  A strongly-typed resource class, for looking up localized strings, etc.
</summary>
</member>
<member name="P:SDataAccess.My.Resources.Resources.ResourceManager">
<summary>
  Returns the cached ResourceManager instance used by this class.
</summary>
</member>
<member name="P:SDataAccess.My.Resources.Resources.Culture">
<summary>
  Overrides the current thread's CurrentUICulture property for all
  resource lookups using this strongly typed resource class.
</summary>
</member>
<member name="M:SDataAccess.CDateTime.IsTime(System.String,System.Boolean)">
 <summary>
 입력문자열이 시간형이 맞는지 체크한다.
 </summary>
 <param name="MyTime">hh:mm:ss or hh:mm</param>
 <param name="blnHr24">True이면 24:00을 인정 False이면 23:59까지만 인정</param>
 <returns>Boolean</returns>
 <remarks></remarks>
</member>
<member name="M:SDataAccess.CDateTime.IsDateF(System.String)">
 <summary>
 입력문자열이 날짜형식으로 변환가능한지 체크한다.
 </summary>
 <param name="dateType">yyyy/MM/dd or yyyyMMdd</param>
 <returns>Boolean</returns>
 <remarks></remarks>
</member>
<member name="M:SDataAccess.KiwoomQuery.CommandTextQuery(System.String,System.Data.CommandType,System.Boolean,System.Data.DataSet,System.String)">
 <summary>
 TextQuery
 </summary>
 <param name="cmdText">쿼리내용</param>
 <param name="cmdType">쿼리타입</param>
 <param name="bln3tier">3tier 구분 [TRUE - 3Tier] </param>
 <param name="ds">DataSet</param>
 <param name="tableName"></param>
 <returns></returns>
 <remarks></remarks>
</member>
<member name="M:SDataAccess.RichQuery.CommandTextQuery(System.String,System.Data.CommandType,System.Boolean,System.Data.DataSet,System.String)">
 <summary>
 TextQuery
 </summary>
 <param name="cmdText">쿼리내용</param>
 <param name="cmdType">쿼리타입</param>
 <param name="bln3tier">3tier 구분 [TRUE - 3Tier] </param>
 <param name="ds">DataSet</param>
 <param name="tableName"></param>
 <returns></returns>
 <remarks></remarks>
</member>
</members>
</doc>
